source_code,source_name_ko,source_type,source_policy,canonical_use_allowed,default_target,review_required,url,license_or_terms,freshness,key_fields,usage_notes
SEMAS_STORE_20260331,소상공인시장진흥공단_상가(상권)정보_20260331,PUBLIC_DATA,STORABLE,YES_AFTER_REVIEW,place_import_candidates,YES,https://www.data.go.kr/data/15083033/fileData.do,이용허락범위 제한 없음; 무료; UTF-8 CSV,"분기 갱신, 차기 등록 예정일 2026-08-01","상호명, 상권업종코드/명, 표준산업분류명, 지번주소, 도로명주소, 경도, 위도",서울 CSV만 추출 후 bar/pub/liquor_shop/bottle_shop 후보 필터링. 바로 places 발행 금지.
SEOUL_GENERAL_RESTAURANT_LICENSE,서울시 일반음식점 인허가 정보,PUBLIC_DATA,STORABLE_WITH_ATTRIBUTION,YES_AFTER_REVIEW,place_import_candidates or status verification,YES,https://data.seoul.go.kr/dataList/OA-16094/S/1/datasetView.do,"공공누리 1유형: 출처표시, 상업적 이용 및 변경 가능","매일 갱신, 3일 전 자료 제공","영업상태명, 상세영업상태명, 폐업일자, 주소, 중부원점TM(EPSG:5174) 좌표",술집 후보 발굴보다는 영업/폐업 상태 검증에 사용. 위경도 변환 필요.
SEOUL_HANGANG_GUIDE_20240831,서울특별시_한강공원_힌강이용안내_20240831,PUBLIC_DATA,STORABLE,YES_AFTER_REVIEW,outdoor_spot_profiles / place_import_candidates,YES,https://www.data.go.kr/data/15134888/fileData.do,이용허락범위 제한 없음; 무료; CSV 159 rows,"수시/1회성 데이터, 수정일 2025-12-04","콘텐츠 제목, 내용, 태그, 메타 경로, 담당부서, 페이지 URL, 등록일",야외 장소 안내/운영정책/시설 설명 보강용. 공원별 좌표는 별도 검증 필요.
HANGANG_OFFICIAL_PARK_PAGE,미래한강본부 전체공원 현황,PUBLIC_PAGE,REFERENCE_FOR_OPERATOR_REVIEW,YES_AFTER_REVIEW,outdoor_spot seed candidate,YES,https://hangang.seoul.go.kr/www/park/list.do?mid=426,공식 안내 페이지. 운영자 검수 및 출처 기록 필요.,웹페이지 수시 변경 가능,"공원명, 주소, 안내센터 전화번호, 면적, 길이, 시설 표기",본 패키지의 한강공원 11개 후보 CSV 출처. lat/lng는 비워두고 geocode_required 처리.
SEOUL_MAJOR_PARKS,서울시 주요 공원현황,PUBLIC_DATA,STORABLE_WITH_ATTRIBUTION,YES_AFTER_REVIEW,outdoor_spot candidate,YES,https://data.seoul.go.kr/dataList/OA-394/S/1/datasetView.do,서울 열린데이터광장 공공데이터. 라이선스 세부 확인 필요.,데이터셋 페이지 확인 필요,"공원명, 공원주소, 관리부서, 전화번호, 좌표",한강 외 야외장소 후보 확장용. 음주/피크닉 가능 여부는 운영자 검수 필수.
OPERATOR_FIELD_RESEARCH,운영자 현장조사/수기 입력,OPERATOR,STORABLE,YES,place_import_candidates / places after review,OPTIONAL_FOR_OPERATOR,,내부 생성 데이터,운영자 갱신,"상호명, 타입, 주소, 좌표, 연락처, 태그, 운영자 메모",MVP 핵심 지역 100~300개 장소를 빠르게 완성하는 가장 현실적인 데이터.
OWNER_SUBMITTED,점주/매장 관리자 입력,OWNER,STORABLE,YES_AFTER_PERMISSION_CHECK,venue_menu_items / venue_inventory_items / venue_price_offers,FIELD_DEPENDENT,,점주 입력 및 서비스 약관 동의 필요,상시 갱신,"메뉴, 시그니처 메뉴, 재고, 가격, 이벤트, 임시 영업시간",재고/가격은 TTL과 confidence 적용. 상호명/주소/좌표/폐업은 변경 요청으로 처리.
USER_REPORT,사용자 제보,USER_REPORT,STORABLE,NO_UNTIL_REVIEWED,place_reports / place_review_tasks,YES,,서비스 약관 동의 필요,상시,"폐업 제보, 주소 오류, 가격 오류, 품절 제보, 중복 장소",canonical 반영 전 반드시 운영자 검수.
KAKAO_LOCAL_MAP_API,Kakao Local/Map API,KAKAO,REALTIME_ONLY,NO_UNLESS_LEGAL_PARTNERSHIP_APPROVAL,no canonical storage,YES,https://developers.kakao.com/docs/latest/ko/local/dev-guide,로컬 API 응답 데이터 저장/POI DB 구축 금지 취지의 Kakao DevTalk 답변 확인 필요,실시간 호출,장소 검색/주소 검색/좌표 변환 API,"실시간 검색, 지도 표시, 링크, 운영자 검증 보조만 허용. bulk 저장 금지."
